일자,원/g_시가
2020-01-01,
2020-01-02,56490.0
2020-01-03,56910.0
2020-01-04,56910.0
2020-01-05,56910.0
2020-01-06,59080.0
2020-01-07,58960.0
2020-01-08,59430.0
2020-01-09,58640.0
2020-01-10,57850.0
2020-01-11,57850.0
2020-01-12,57850.0
2020-01-13,58190.0
2020-01-14,57540.0
2020-01-15,57550.0
2020-01-16,57880.0
2020-01-17,57920.0
2020-01-18,57920.0
2020-01-19,57920.0
2020-01-20,58040.0
2020-01-21,58100.0
2020-01-22,58430.0
2020-01-23,58460.0
2020-01-24,58460.0
2020-01-25,58460.0
2020-01-26,58460.0
2020-01-27,58460.0
2020-01-28,59390.0
2020-01-29,59360.0
2020-01-30,59680.0
2020-01-31,60000.0
2020-02-01,60000.0
2020-02-02,60000.0
2020-02-03,60910.0
2020-02-04,60670.0
2020-02-05,59270.0
2020-02-06,59590.0
2020-02-07,59410.0
2020-02-08,59410.0
2020-02-09,59410.0
2020-02-10,60000.0
2020-02-11,60010.0
2020-02-12,59510.0
2020-02-13,59400.0
2020-02-14,59960.0
2020-02-15,59960.0
2020-02-16,59960.0
2020-02-17,60170.0
2020-02-18,60300.0
2020-02-19,61230.0
2020-02-20,61660.0
2020-02-21,62490.0
2020-02-22,62490.0
2020-02-23,62490.0
2020-02-24,64800.0
2020-02-25,64980.0
2020-02-26,63670.0
2020-02-27,64240.0
2020-02-28,64450.0
2020-02-29,64450.0
2020-03-01,64450.0
2020-03-02,61660.0
2020-03-03,61080.0
2020-03-04,63280.0
2020-03-05,62520.0
2020-03-06,63420.0
2020-03-07,63420.0
2020-03-08,63420.0
2020-03-09,65060.0
2020-03-10,64590.0
2020-03-11,63360.0
2020-03-12,62940.0
2020-03-13,61250.0
2020-03-14,61250.0
2020-03-15,61250.0
2020-03-16,60750.0
2020-03-17,59660.0
2020-03-18,61490.0
2020-03-19,59430.0
2020-03-20,60640.0
2020-03-21,60640.0
2020-03-22,60640.0
2020-03-23,59880.0
2020-03-24,63730.0
2020-03-25,65370.0
2020-03-26,63770.0
2020-03-27,64460.0
2020-03-28,64460.0
2020-03-29,64460.0
2020-03-30,63420.0
2020-03-31,63630.0
2020-04-01,61580.0
2020-04-02,63090.0
2020-04-03,63660.0
2020-04-04,63660.0
2020-04-05,63660.0
2020-04-06,63910.0
2020-04-07,65910.0
2020-04-08,64740.0
2020-04-09,64660.0
2020-04-10,66020.0
2020-04-11,66020.0
2020-04-12,66020.0
2020-04-13,65540.0
2020-04-14,67280.0
2020-04-15,67280.0
2020-04-16,67270.0
2020-04-17,67780.0
2020-04-18,67780.0
2020-04-19,67780.0
2020-04-20,65650.0
2020-04-21,66410.0
2020-04-22,66660.0
2020-04-23,67800.0
2020-04-24,68400.0
2020-04-25,68400.0
2020-04-26,68400.0
2020-04-27,68510.0
2020-04-28,67380.0
2020-04-29,67190.0
2020-04-30,67190.0
2020-05-01,67190.0
2020-05-02,67190.0
2020-05-03,67190.0
2020-05-04,66490.0
2020-05-05,66490.0
2020-05-06,67380.0
2020-05-07,66320.0
2020-05-08,67490.0
2020-05-09,67490.0
2020-05-10,67490.0
2020-05-11,66920.0
2020-05-12,66650.0
2020-05-13,67020.0
2020-05-14,67550.0
2020-05-15,68410.0
2020-05-16,68410.0
2020-05-17,68410.0
2020-05-18,69370.0
2020-05-19,68730.0
2020-05-20,68760.0
2020-05-21,69160.0
2020-05-22,68320.0
2020-05-23,68320.0
2020-05-24,68320.0
2020-05-25,68840.0
2020-05-26,69050.0
2020-05-27,67940.0
2020-05-28,67870.0
2020-05-29,68560.0
2020-05-30,68560.0
2020-05-31,68560.0
2020-06-01,69260.0
2020-06-02,68630.0
2020-06-03,68080.0
2020-06-04,66480.0
2020-06-05,67230.0
2020-06-06,67230.0
2020-06-07,67230.0
2020-06-08,65220.0
2020-06-09,65770.0
2020-06-10,66100.0
2020-06-11,66480.0
2020-06-12,66530.0
2020-06-13,66530.0
2020-06-14,66530.0
2020-06-15,67060.0
2020-06-16,67480.0
2020-06-17,67000.0
2020-06-18,67430.0
2020-06-19,66950.0
2020-06-20,66950.0
2020-06-21,66950.0
2020-06-22,67950.0
2020-06-23,68660.0
2020-06-24,68730.0
2020-06-25,68040.0
2020-06-26,68370.0
2020-06-27,68370.0
2020-06-28,68370.0
2020-06-29,68430.0
2020-06-30,68330.0
2020-07-01,68990.0
2020-07-02,68470.0
2020-07-03,68550.0
2020-07-04,68550.0
2020-07-05,68550.0
2020-07-06,68420.0
2020-07-07,68670.0
2020-07-08,69020.0
2020-07-09,69570.0
2020-07-10,69350.0
2020-07-11,69350.0
2020-07-12,69350.0
2020-07-13,69760.0
2020-07-14,69590.0
2020-07-15,70170.0
2020-07-16,69940.0
2020-07-17,69710.0
2020-07-18,69710.0
2020-07-19,69710.0
2020-07-20,70130.0
2020-07-21,70320.0
2020-07-22,70960.0
2020-07-23,71840.0
2020-07-24,72650.0
2020-07-25,72650.0
2020-07-26,72650.0
2020-07-27,73860.0
2020-07-28,75160.0
2020-07-29,75190.0
2020-07-30,75510.0
2020-07-31,75170.0
2020-08-01,75170.0
2020-08-02,75170.0
2020-08-03,75960.0
2020-08-04,75710.0
2020-08-05,77670.0
2020-08-06,77920.0
2020-08-07,78740.0
2020-08-08,78740.0
2020-08-09,78740.0
2020-08-10,77280.0
2020-08-11,77240.0
2020-08-12,73090.0
2020-08-13,73150.0
2020-08-14,74580.0
2020-08-15,74580.0
2020-08-16,74580.0
2020-08-17,74580.0
2020-08-18,75580.0
2020-08-19,76280.0
2020-08-20,73410.0
2020-08-21,74420.0
2020-08-22,74420.0
2020-08-23,74420.0
2020-08-24,73870.0
2020-08-25,73730.0
2020-08-26,73460.0
2020-08-27,74440.0
2020-08-28,73430.0
2020-08-29,73430.0
2020-08-30,73430.0
2020-08-31,75170.0
2020-09-01,75120.0
2020-09-02,74930.0
2020-09-03,74080.0
2020-09-04,73820.0
2020-09-05,73820.0
2020-09-06,73820.0
2020-09-07,74050.0
2020-09-08,73780.0
2020-09-09,73680.0
2020-09-10,74440.0
2020-09-11,74050.0
2020-09-12,74050.0
2020-09-13,74050.0
2020-09-14,74110.0
2020-09-15,74490.0
2020-09-16,74090.0
2020-09-17,74070.0
2020-09-18,73510.0
2020-09-19,73510.0
2020-09-20,73510.0
2020-09-21,72760.0
2020-09-22,71310.0
2020-09-23,71200.0
2020-09-24,69440.0
2020-09-25,70450.0
2020-09-26,70450.0
2020-09-27,70450.0
2020-09-28,70250.0
2020-09-29,71040.0
2020-09-30,71040.0
2020-10-01,71040.0
2020-10-02,71040.0
2020-10-03,71040.0
2020-10-04,71040.0
2020-10-05,71460.0
2020-10-06,71550.0
2020-10-07,70110.0
2020-10-08,70270.0
2020-10-09,70270.0
2020-10-10,70270.0
2020-10-11,70270.0
2020-10-12,71610.0
2020-10-13,70940.0
2020-10-14,69790.0
2020-10-15,70030.0
2020-10-16,70140.0
2020-10-17,70140.0
2020-10-18,70140.0
2020-10-19,70100.0
2020-10-20,69870.0
2020-10-21,70020.0
2020-10-22,69960.0
2020-10-23,69410.0
2020-10-24,69410.0
2020-10-25,69410.0
2020-10-26,69090.0
2020-10-27,68990.0
2020-10-28,68940.0
2020-10-29,68240.0
2020-10-30,67980.0
2020-10-31,67980.0
2020-11-01,67980.0
2020-11-02,68540.0
2020-11-03,69090.0
2020-11-04,69830.0
2020-11-05,69700.0
2020-11-06,70560.0
2020-11-07,70560.0
2020-11-08,70560.0
2020-11-09,70560.0
2020-11-10,66860.0
2020-11-11,67320.0
2020-11-12,66560.0
2020-11-13,67240.0
2020-11-14,67240.0
2020-11-15,67240.0
2020-11-16,67820.0
2020-11-17,67390.0
2020-11-18,66970.0
2020-11-19,66440.0
2020-11-20,66860.0
2020-11-21,66860.0
2020-11-22,66860.0
2020-11-23,67040.0
2020-11-24,65580.0
2020-11-25,64690.0
2020-11-26,64470.0
2020-11-27,64280.0
2020-11-28,64280.0
2020-11-29,64280.0
2020-11-30,63380.0
2020-12-01,63220.0
2020-12-02,64470.0
2020-12-03,64760.0
2020-12-04,64940.0
2020-12-05,64940.0
2020-12-06,64940.0
2020-12-07,63840.0
2020-12-08,64860.0
2020-12-09,65250.0
2020-12-10,64030.0
2020-12-11,64240.0
2020-12-12,64240.0
2020-12-13,64240.0
2020-12-14,64410.0
2020-12-15,64180.0
2020-12-16,65130.0
2020-12-17,65580.0
2020-12-18,66230.0
2020-12-19,66230.0
2020-12-20,66230.0
2020-12-21,66620.0
2020-12-22,66670.0
2020-12-23,66300.0
2020-12-24,66690.0
2020-12-25,66690.0
2020-12-26,66690.0
2020-12-27,66690.0
2020-12-28,66960.0
2020-12-29,66120.0
2020-12-30,65950.0
2020-12-31,65950.0
2021-01-01,65950.0
2021-01-02,65950.0
2021-01-03,65950.0
2021-01-04,66730.0
2021-01-05,67650.0
2021-01-06,68240.0
2021-01-07,67090.0
2021-01-08,66980.0
2021-01-09,66980.0
2021-01-10,66980.0
2021-01-11,64860.0
2021-01-12,65140.0
2021-01-13,65640.0
2021-01-14,65050.0
2021-01-15,65190.0
2021-01-16,65190.0
2021-01-17,65190.0
2021-01-18,64600.0
2021-01-19,65220.0
2021-01-20,65300.0
2021-01-21,66190.0
2021-01-22,66050.0
2021-01-23,66050.0
2021-01-24,66050.0
2021-01-25,65910.0
2021-01-26,65710.0
2021-01-27,65870.0
2021-01-28,65420.0
2021-01-29,66340.0
2021-01-30,66340.0
2021-01-31,66340.0
2021-02-01,66840.0
2021-02-02,66790.0
2021-02-03,66080.0
2021-02-04,65740.0
2021-02-05,64560.0
2021-02-06,64560.0
2021-02-07,64560.0
2021-02-08,65660.0
2021-02-09,65860.0
2021-02-10,66020.0
2021-02-11,66020.0
2021-02-12,66020.0
2021-02-13,66020.0
2021-02-14,66020.0
2021-02-15,64880.0
2021-02-16,64410.0
2021-02-17,63270.0
2021-02-18,63260.0
2021-02-19,63240.0
2021-02-20,63240.0
2021-02-21,63240.0
2021-02-22,63400.0
2021-02-23,64600.0
2021-02-24,64500.0
2021-02-25,64490.0
2021-02-26,63110.0
2021-02-27,63110.0
2021-02-28,63110.0
2021-03-01,63110.0
2021-03-02,62270.0
2021-03-03,62840.0
2021-03-04,61610.0
2021-03-05,61390.0
2021-03-06,61390.0
2021-03-07,61390.0
2021-03-08,61930.0
2021-03-09,61410.0
2021-03-10,62860.0
2021-03-11,63430.0
2021-03-12,62930.0
2021-03-13,62930.0
2021-03-14,62930.0
2021-03-15,62910.0
2021-03-16,63230.0
2021-03-17,62900.0
2021-03-18,63540.0
2021-03-19,62670.0
2021-03-20,62670.0
2021-03-21,62670.0
2021-03-22,63250.0
2021-03-23,63090.0
2021-03-24,62730.0
2021-03-25,63210.0
2021-03-26,62920.0
2021-03-27,62920.0
2021-03-28,62920.0
2021-03-29,62860.0
2021-03-30,62270.0
2021-03-31,61410.0
2021-04-01,62170.0
2021-04-02,62970.0
2021-04-03,62970.0
2021-04-04,62970.0
2021-04-05,62690.0
2021-04-06,62700.0
2021-04-07,62740.0
2021-04-08,62320.0
2021-04-09,63040.0
2021-04-10,63040.0
2021-04-11,63040.0
2021-04-12,62790.0
2021-04-13,62670.0
2021-04-14,63200.0
2021-04-15,62330.0
2021-04-16,63380.0
2021-04-17,63380.0
2021-04-18,63380.0
2021-04-19,63780.0
2021-04-20,63620.0
2021-04-21,63550.0
2021-04-22,64540.0
2021-04-23,64100.0
2021-04-24,64100.0
2021-04-25,64100.0
2021-04-26,63760.0
2021-04-27,63740.0
2021-04-28,63410.0
2021-04-29,63800.0
2021-04-30,63180.0
2021-05-01,63180.0
2021-05-02,63180.0
2021-05-03,63250.0
2021-05-04,64760.0
2021-05-05,64760.0
2021-05-06,64450.0
2021-05-07,65680.0
2021-05-08,65680.0
2021-05-09,65680.0
2021-05-10,66150.0
2021-05-11,65750.0
2021-05-12,66110.0
2021-05-13,65710.0
2021-05-14,66290.0
2021-05-15,66290.0
2021-05-16,66290.0
2021-05-17,66990.0
2021-05-18,68110.0
2021-05-19,68110.0
2021-05-20,67930.0
2021-05-21,68260.0
2021-05-22,68260.0
2021-05-23,68260.0
2021-05-24,68190.0
2021-05-25,68050.0
2021-05-26,68500.0
2021-05-27,68140.0
2021-05-28,68180.0
2021-05-29,68180.0
2021-05-30,68180.0
2021-05-31,68280.0
2021-06-01,68130.0
2021-06-02,67530.0
2021-06-03,68340.0
2021-06-04,67020.0
2021-06-05,67020.0
2021-06-06,67020.0
2021-06-07,67840.0
2021-06-08,67960.0
2021-06-09,67830.0
2021-06-10,67730.0
2021-06-11,68090.0
2021-06-12,68090.0
2021-06-13,68090.0
2021-06-14,66950.0
2021-06-15,67030.0
2021-06-16,66760.0
2021-06-17,65320.0
2021-06-18,64520.0
2021-06-19,64520.0
2021-06-20,64520.0
2021-06-21,64380.0
2021-06-22,65100.0
2021-06-23,64740.0
2021-06-24,64970.0
2021-06-25,64760.0
2021-06-26,64760.0
2021-06-27,64760.0
2021-06-28,64610.0
2021-06-29,64590.0
2021-06-30,63910.0
2021-07-01,64060.0
2021-07-02,64680.0
2021-07-03,64680.0
2021-07-04,64680.0
2021-07-05,65180.0
2021-07-06,65190.0
2021-07-07,65260.0
2021-07-08,66040.0
2021-07-09,66390.0
2021-07-10,66390.0
2021-07-11,66390.0
2021-07-12,66760.0
2021-07-13,66630.0
2021-07-14,66520.0
2021-07-15,67460.0
2021-07-16,67220.0
2021-07-17,67220.0
2021-07-18,67220.0
2021-07-19,66400.0
2021-07-20,66870.0
2021-07-21,66920.0
2021-07-22,66890.0
2021-07-23,66850.0
2021-07-24,66850.0
2021-07-25,66850.0
2021-07-26,66650.0
2021-07-27,66750.0
2021-07-28,66540.0
2021-07-29,67190.0
2021-07-30,67480.0
2021-07-31,67480.0
2021-08-01,67480.0
2021-08-02,67050.0
2021-08-03,67090.0
2021-08-04,66860.0
2021-08-05,66610.0
2021-08-06,66330.0
2021-08-07,66330.0
2021-08-08,66330.0
2021-08-09,62580.0
2021-08-10,63710.0
2021-08-11,63910.0
2021-08-12,65120.0
2021-08-13,65460.0
2021-08-14,65460.0
2021-08-15,65460.0
2021-08-16,65460.0
2021-08-17,67190.0
2021-08-18,67540.0
2021-08-19,67140.0
2021-08-20,67330.0
2021-08-21,67330.0
2021-08-22,67330.0
2021-08-23,67440.0
2021-08-24,68110.0
2021-08-25,67530.0
2021-08-26,67270.0
2021-08-27,67490.0
2021-08-28,67490.0
2021-08-29,67490.0
2021-08-30,68340.0
2021-08-31,67920.0
2021-09-01,67640.0
2021-09-02,67480.0
2021-09-03,67570.0
2021-09-04,67570.0
2021-09-05,67570.0
2021-09-06,68020.0
2021-09-07,67800.0
2021-09-08,66820.0
2021-09-09,67110.0
2021-09-10,67480.0
2021-09-11,67480.0
2021-09-12,67480.0
2021-09-13,67220.0
2021-09-14,67780.0
2021-09-15,67910.0
2021-09-16,67540.0
2021-09-17,66080.0
2021-09-18,66080.0
2021-09-19,66080.0
2021-09-20,66080.0
2021-09-21,66080.0
2021-09-22,66080.0
2021-09-23,66780.0
2021-09-24,65980.0
2021-09-25,65980.0
2021-09-26,65980.0
2021-09-27,66160.0
2021-09-28,66230.0
2021-09-29,66040.0
2021-09-30,65650.0
2021-10-01,66790.0
2021-10-02,66790.0
2021-10-03,66790.0
2021-10-04,66790.0
2021-10-05,67570.0
2021-10-06,67260.0
2021-10-07,67610.0
2021-10-08,67150.0
2021-10-09,67150.0
2021-10-10,67150.0
2021-10-11,67150.0
2021-10-12,67380.0
2021-10-13,67850.0
2021-10-14,68800.0
2021-10-15,68520.0
2021-10-16,68520.0
2021-10-17,68520.0
2021-10-18,67290.0
2021-10-19,67340.0
2021-10-20,67030.0
2021-10-21,67310.0
2021-10-22,67570.0
2021-10-23,67570.0
2021-10-24,67570.0
2021-10-25,67850.0
2021-10-26,67910.0
2021-10-27,67290.0
2021-10-28,67610.0
2021-10-29,67710.0
2021-10-30,67710.0
2021-10-31,67710.0
2021-11-01,66900.0
2021-11-02,67780.0
2021-11-03,67470.0
2021-11-04,67430.0
2021-11-05,68130.0
2021-11-06,68130.0
2021-11-07,68130.0
2021-11-08,69230.0
2021-11-09,69430.0
2021-11-10,69340.0
2021-11-11,70180.0
2021-11-12,70700.0
2021-11-13,70700.0
2021-11-14,70700.0
2021-11-15,70790.0
2021-11-16,70610.0
2021-11-17,70200.0
2021-11-18,71000.0
2021-11-19,70560.0
2021-11-20,70560.0
2021-11-21,70560.0
2021-11-22,70250.0
2021-11-23,68950.0
2021-11-24,68450.0
2021-11-25,68200.0
2021-11-26,68560.0
2021-11-27,68560.0
2021-11-28,68560.0
2021-11-29,68520.0
2021-11-30,68540.0
2021-12-01,67840.0
2021-12-02,67540.0
2021-12-03,66920.0
2021-12-04,66920.0
2021-12-05,66920.0
2021-12-06,67640.0
2021-12-07,67720.0
2021-12-08,67660.0
2021-12-09,67440.0
2021-12-10,67060.0
2021-12-11,67060.0
2021-12-12,67060.0
2021-12-13,67770.0
2021-12-14,67840.0
2021-12-15,67390.0
2021-12-16,67810.0
2021-12-17,68460.0
2021-12-18,68460.0
2021-12-19,68460.0
2021-12-20,68340.0
2021-12-21,68590.0
2021-12-22,68640.0
2021-12-23,69150.0
2021-12-24,69080.0
2021-12-25,69080.0
2021-12-26,69080.0
2021-12-27,68970.0
2021-12-28,69130.0
2021-12-29,69010.0
2021-12-30,68840.0
2021-12-31,68840.0
2022-01-01,68840.0
2022-01-02,68840.0
2022-01-03,69920.0
2022-01-04,69100.0
2022-01-05,69620.0
2022-01-06,69690.0
2022-01-07,69160.0
2022-01-08,69160.0
2022-01-09,69160.0
2022-01-10,69370.0
2022-01-11,69470.0
2022-01-12,69960.0
2022-01-13,69890.0
2022-01-14,69540.0
2022-01-15,69540.0
2022-01-16,69540.0
2022-01-17,69390.0
2022-01-18,69730.0
2022-01-19,69430.0
2022-01-20,70490.0
2022-01-21,70510.0
2022-01-22,70510.0
2022-01-23,70510.0
2022-01-24,70500.0
2022-01-25,70870.0
2022-01-26,71250.0
2022-01-27,70090.0
2022-01-28,69530.0
2022-01-29,69530.0
2022-01-30,69530.0
2022-01-31,69530.0
2022-02-01,69530.0
2022-02-02,69530.0
2022-02-03,70070.0
2022-02-04,70040.0
2022-02-05,70040.0
2022-02-06,70040.0
2022-02-07,69640.0
2022-02-08,70320.0
2022-02-09,70320.0
2022-02-10,70530.0
2022-02-11,70270.0
2022-02-12,70270.0
2022-02-13,70270.0
2022-02-14,71660.0
2022-02-15,71650.0
2022-02-16,71510.0
2022-02-17,72020.0
2022-02-18,73130.0
2022-02-19,73130.0
2022-02-20,73130.0
2022-02-21,73240.0
2022-02-22,73210.0
2022-02-23,72830.0
2022-02-24,73330.0
2022-02-25,73910.0
2022-02-26,73910.0
2022-02-27,73910.0
2022-02-28,73980.0
2022-03-01,73980.0
2022-03-02,75140.0
2022-03-03,74800.0
2022-03-04,74960.0
2022-03-05,74960.0
2022-03-06,74960.0
2022-03-07,77680.0
2022-03-08,78870.0
2022-03-09,78870.0
2022-03-10,79230.0
2022-03-11,78910.0
2022-03-12,78910.0
2022-03-13,78910.0
2022-03-14,78260.0
2022-03-15,78040.0
2022-03-16,76600.0
2022-03-17,76550.0
2022-03-18,75810.0
2022-03-19,75810.0
2022-03-20,75810.0
2022-03-21,74510.0
2022-03-22,75710.0
2022-03-23,75260.0
2022-03-24,75960.0
2022-03-25,76770.0
2022-03-26,76770.0
2022-03-27,76770.0
2022-03-28,76640.0
2022-03-29,75880.0
2022-03-30,75230.0
2022-03-31,75160.0
2022-04-01,75440.0
2022-04-02,75440.0
2022-04-03,75440.0
2022-04-04,75170.0
2022-04-05,75450.0
2022-04-06,74930.0
2022-04-07,75330.0
2022-04-08,75770.0
2022-04-09,75770.0
2022-04-10,75770.0
2022-04-11,76620.0
2022-04-12,77430.0
2022-04-13,78110.0
2022-04-14,78120.0
2022-04-15,77700.0
2022-04-16,77700.0
2022-04-17,77700.0
2022-04-18,78270.0
2022-04-19,78450.0
2022-04-20,77520.0
2022-04-21,77710.0
2022-04-22,77760.0
2022-04-23,77760.0
2022-04-24,77760.0
2022-04-25,76950.0
2022-04-26,76310.0
2022-04-27,76630.0
2022-04-28,76670.0
2022-04-29,77480.0
2022-04-30,77480.0
2022-05-01,77480.0
2022-05-02,76690.0
2022-05-03,75760.0
2022-05-04,76170.0
2022-05-05,76170.0
2022-05-06,76420.0
2022-05-07,76420.0
2022-05-08,76420.0
2022-05-09,76960.0
2022-05-10,75950.0
2022-05-11,75440.0
2022-05-12,76000.0
2022-05-13,75400.0
2022-05-14,75400.0
2022-05-15,75400.0
2022-05-16,74810.0
2022-05-17,75400.0
2022-05-18,74340.0
2022-05-19,73990.0
2022-05-20,75770.0
2022-05-21,75770.0
2022-05-22,75770.0
2022-05-23,75300.0
2022-05-24,75360.0
2022-05-25,76010.0
2022-05-26,75350.0
2022-05-27,75440.0
2022-05-28,75440.0
2022-05-29,75440.0
2022-05-30,74700.0
2022-05-31,73770.0
2022-06-01,73770.0
2022-06-02,73460.0
2022-06-03,75270.0
2022-06-04,75270.0
2022-06-05,75270.0
2022-06-06,75270.0
2022-06-07,73490.0
2022-06-08,74880.0
2022-06-09,74740.0
2022-06-10,74640.0
2022-06-11,74640.0
2022-06-12,74640.0
2022-06-13,76530.0
2022-06-14,75170.0
2022-06-15,74860.0
2022-06-16,76070.0
2022-06-17,76530.0
2022-06-18,76530.0
2022-06-19,76530.0
2022-06-20,76090.0
2022-06-21,76370.0
2022-06-22,76140.0
2022-06-23,76640.0
2022-06-24,76350.0
2022-06-25,76350.0
2022-06-26,76350.0
2022-06-27,76430.0
2022-06-28,75400.0
2022-06-29,75040.0
2022-06-30,75940.0
2022-07-01,75380.0
2022-07-02,75380.0
2022-07-03,75380.0
2022-07-04,75510.0
2022-07-05,75450.0
2022-07-06,73930.0
2022-07-07,73060.0
2022-07-08,72700.0
2022-07-09,72700.0
2022-07-10,72700.0
2022-07-11,72900.0
2022-07-12,72690.0
2022-07-13,72820.0
2022-07-14,72800.0
2022-07-15,72190.0
2022-07-16,72190.0
2022-07-17,72190.0
2022-07-18,72900.0
2022-07-19,72370.0
2022-07-20,72230.0
2022-07-21,71570.0
2022-07-22,72240.0
2022-07-23,72240.0
2022-07-24,72240.0
2022-07-25,72800.0
2022-07-26,72600.0
2022-07-27,72240.0
2022-07-28,73400.0
2022-07-29,73140.0
2022-07-30,73140.0
2022-07-31,73140.0
2022-08-01,73620.0
2022-08-02,74300.0
2022-08-03,73730.0
2022-08-04,74320.0
2022-08-05,75520.0
2022-08-06,75520.0
2022-08-07,75520.0
2022-08-08,74080.0
2022-08-09,75150.0
2022-08-10,75250.0
2022-08-11,75470.0
2022-08-12,74890.0
2022-08-13,74890.0
2022-08-14,74890.0
2022-08-15,74890.0
2022-08-16,74520.0
2022-08-17,74670.0
2022-08-18,74310.0
2022-08-19,74770.0
2022-08-20,74770.0
2022-08-21,74770.0
2022-08-22,74460.0
2022-08-23,74740.0
2022-08-24,75540.0
2022-08-25,75620.0
2022-08-26,75410.0
2022-08-27,75410.0
2022-08-28,75410.0
2022-08-29,74260.0
2022-08-30,75430.0
2022-08-31,74610.0
2022-09-01,73490.0
2022-09-02,73900.0
2022-09-03,73900.0
2022-09-04,73900.0
2022-09-05,74880.0
2022-09-06,75550.0
2022-09-07,75060.0
2022-09-08,76400.0
2022-09-09,76400.0
2022-09-10,76400.0
2022-09-11,76400.0
2022-09-12,76400.0
2022-09-13,76580.0
2022-09-14,75180.0
2022-09-15,75920.0
2022-09-16,74490.0
2022-09-17,74490.0
2022-09-18,74490.0
2022-09-19,74900.0
2022-09-20,75080.0
2022-09-21,74420.0
2022-09-22,74820.0
2022-09-23,75780.0
2022-09-24,75780.0
2022-09-25,75780.0
2022-09-26,74490.0
2022-09-27,74840.0
2022-09-28,74430.0
2022-09-29,76750.0
2022-09-30,76940.0
2022-10-01,76940.0
2022-10-02,76940.0
2022-10-03,76940.0
2022-10-04,78250.0
2022-10-05,79110.0
2022-10-06,77900.0
2022-10-07,77190.0
2022-10-08,77190.0
2022-10-09,77190.0
2022-10-10,77190.0
2022-10-11,75810.0
2022-10-12,76830.0
2022-10-13,76730.0
2022-10-14,76420.0
2022-10-15,76420.0
2022-10-16,76420.0
2022-10-17,75610.0
2022-10-18,76190.0
2022-10-19,75620.0
2022-10-20,74630.0
2022-10-21,74910.0
2022-10-22,74910.0
2022-10-23,74910.0
2022-10-24,76710.0
2022-10-25,76460.0
2022-10-26,76090.0
2022-10-27,76370.0
2022-10-28,75760.0
2022-10-29,75760.0
2022-10-30,75760.0
2022-10-31,75170.0
2022-11-01,74770.0
2022-11-02,75060.0
2022-11-03,74390.0
2022-11-04,74600.0
2022-11-05,74600.0
2022-11-06,74600.0
2022-11-07,76470.0
2022-11-08,75430.0
2022-11-09,76270.0
2022-11-10,74810.0
2022-11-11,77650.0
2022-11-12,77650.0
2022-11-13,77650.0
2022-11-14,74770.0
2022-11-15,75470.0
2022-11-16,75380.0
2022-11-17,75590.0
2022-11-18,75760.0
2022-11-19,75760.0
2022-11-20,75760.0
2022-11-21,75450.0
2022-11-22,75700.0
2022-11-23,75960.0
2022-11-24,76110.0
2022-11-25,74980.0
2022-11-26,74980.0
2022-11-27,74980.0
2022-11-28,74480.0
2022-11-29,75060.0
2022-11-30,74610.0
2022-12-01,75050.0
2022-12-02,75360.0
2022-12-03,75360.0
2022-12-04,75360.0
2022-12-05,75110.0
2022-12-06,73550.0
2022-12-07,75100.0
2022-12-08,75950.0
2022-12-09,75850.0
2022-12-10,75850.0
2022-12-11,75850.0
2022-12-12,75140.0
2022-12-13,74880.0
2022-12-14,76010.0
2022-12-15,75370.0
2022-12-16,74410.0
2022-12-17,74410.0
2022-12-18,74410.0
2022-12-19,75210.0
2022-12-20,74890.0
2022-12-21,75380.0
2022-12-22,75040.0
2022-12-23,73600.0
2022-12-24,73600.0
2022-12-25,73600.0
2022-12-26,74420.0
2022-12-27,73850.0
2022-12-28,74150.0
2022-12-29,73560.0
2022-12-30,73560.0
2022-12-31,73560.0
2023-01-01,73560.0
2023-01-02,74290.0
2023-01-03,74810.0
2023-01-04,75110.0
2023-01-05,75900.0
2023-01-06,74800.0
2023-01-07,74800.0
2023-01-08,74800.0
2023-01-09,76190.0
2023-01-10,74800.0
2023-01-11,75110.0
2023-01-12,75210.0
2023-01-13,75970.0
2023-01-14,75970.0
2023-01-15,75970.0
2023-01-16,76590.0
2023-01-17,76130.0
2023-01-18,76020.0
2023-01-19,75800.0
2023-01-20,76600.0
2023-01-21,76600.0
2023-01-22,76600.0
2023-01-23,76600.0
2023-01-24,76600.0
2023-01-25,76920.0
2023-01-26,77130.0
2023-01-27,76380.0
2023-01-28,76380.0
2023-01-29,76380.0
2023-01-30,76340.0
2023-01-31,75870.0
2023-02-01,76360.0
2023-02-02,77340.0
2023-02-03,75060.0
2023-02-04,75060.0
2023-02-05,75060.0
2023-02-06,73830.0
2023-02-07,75220.0
2023-02-08,75570.0
2023-02-09,75990.0
2023-02-10,75460.0
2023-02-11,75460.0
2023-02-12,75460.0
2023-02-13,75800.0
2023-02-14,76140.0
2023-02-15,75690.0
2023-02-16,75720.0
2023-02-17,75820.0
2023-02-18,75820.0
2023-02-19,75820.0
2023-02-20,76870.0
2023-02-21,76700.0
2023-02-22,76470.0
2023-02-23,76610.0
2023-02-24,76030.0
2023-02-25,76030.0
2023-02-26,76030.0
2023-02-27,76030.0
2023-02-28,77300.0
2023-03-01,77300.0
2023-03-02,78160.0
2023-03-03,77730.0
2023-03-04,77730.0
2023-03-05,77730.0
2023-03-06,77560.0
2023-03-07,77000.0
2023-03-08,75780.0
2023-03-09,77100.0
2023-03-10,77850.0
2023-03-11,77850.0
2023-03-12,77850.0
2023-03-13,80160.0
2023-03-14,79970.0
2023-03-15,80280.0
2023-03-16,80540.0
2023-03-17,81080.0
2023-03-18,81080.0
2023-03-19,81080.0
2023-03-20,82880.0
2023-03-21,83330.0
2023-03-22,81930.0
2023-03-23,82720.0
2023-03-24,81880.0
2023-03-25,81880.0
2023-03-26,81880.0
2023-03-27,82200.0
2023-03-28,81930.0
2023-03-29,82380.0
2023-03-30,82240.0
2023-03-31,82670.0
2023-04-01,82670.0
2023-04-02,82670.0
2023-04-03,82080.0
2023-04-04,84030.0
2023-04-05,85600.0
2023-04-06,85140.0
2023-04-07,85150.0
2023-04-08,85150.0
2023-04-09,85150.0
2023-04-10,84890.0
2023-04-11,84530.0
2023-04-12,85190.0
2023-04-13,85960.0
2023-04-14,85950.0
2023-04-15,85950.0
2023-04-16,85950.0
2023-04-17,83640.0
2023-04-18,84080.0
2023-04-19,85020.0
2023-04-20,84980.0
2023-04-21,85200.0
2023-04-22,85200.0
2023-04-23,85200.0
2023-04-24,84750.0
2023-04-25,85490.0
2023-04-26,85670.0
2023-04-27,85560.0
2023-04-28,85500.0
2023-04-29,85500.0
2023-04-30,85500.0
2023-05-01,85500.0
2023-05-02,85270.0
2023-05-03,86980.0
2023-05-04,88370.0
2023-05-05,88370.0
2023-05-06,88370.0
2023-05-07,88370.0
2023-05-08,85790.0
2023-05-09,85860.0
2023-05-10,86720.0
2023-05-11,86530.0
2023-05-12,85980.0
2023-05-13,85980.0
2023-05-14,85980.0
2023-05-15,86260.0
2023-05-16,86630.0
2023-05-17,85630.0
2023-05-18,85260.0
2023-05-19,84010.0
2023-05-20,84010.0
2023-05-21,84010.0
2023-05-22,84500.0
2023-05-23,83490.0
2023-05-24,83390.0
2023-05-25,83000.0
2023-05-26,82770.0
2023-05-27,82770.0
2023-05-28,82770.0
2023-05-29,82770.0
2023-05-30,82700.0
2023-05-31,83470.0
2023-06-01,83900.0
2023-06-02,83970.0
2023-06-03,83970.0
2023-06-04,83970.0
2023-06-05,81810.0
2023-06-06,81810.0
2023-06-07,82590.0
2023-06-08,81410.0
2023-06-09,82390.0
2023-06-10,82390.0
2023-06-11,82390.0
2023-06-12,81410.0
2023-06-13,81190.0
2023-06-14,79440.0
2023-06-15,79930.0
2023-06-16,80640.0
2023-06-17,80640.0
2023-06-18,80640.0
2023-06-19,80210.0
2023-06-20,80420.0
2023-06-21,79770.0
2023-06-22,80330.0
2023-06-23,79700.0
2023-06-24,79700.0
2023-06-25,79700.0
2023-06-26,80710.0
2023-06-27,80740.0
2023-06-28,80060.0
2023-06-29,80280.0
2023-06-30,80850.0
2023-07-01,80850.0
2023-07-02,80850.0
2023-07-03,81270.0
2023-07-04,80790.0
2023-07-05,80590.0
2023-07-06,80040.0
2023-07-07,79970.0
2023-07-08,79970.0
2023-07-09,79970.0
2023-07-10,80740.0
2023-07-11,80880.0
2023-07-12,80410.0
2023-07-13,81110.0
2023-07-14,80330.0
2023-07-15,80330.0
2023-07-16,80330.0
2023-07-17,79440.0
2023-07-18,79630.0
2023-07-19,80150.0
2023-07-20,80450.0
2023-07-21,80500.0
2023-07-22,80500.0
2023-07-23,80500.0
2023-07-24,80950.0
2023-07-25,80410.0
2023-07-26,80600.0
2023-07-27,80840.0
2023-07-28,79960.0
2023-07-29,79960.0
2023-07-30,79960.0
2023-07-31,80430.0
2023-08-01,80540.0
2023-08-02,80600.0
2023-08-03,80830.0
2023-08-04,80830.0
2023-08-05,80830.0
2023-08-06,80830.0
2023-08-07,81600.0
2023-08-08,81350.0
2023-08-09,81440.0
2023-08-10,81090.0
2023-08-11,80920.0
2023-08-12,80920.0
2023-08-13,80920.0
2023-08-14,81540.0
2023-08-15,81540.0
2023-08-16,81360.0
2023-08-17,81370.0
2023-08-18,81560.0
2023-08-19,81560.0
2023-08-20,81560.0
2023-08-21,81560.0
2023-08-22,81530.0
2023-08-23,81500.0
2023-08-24,82590.0
2023-08-25,81480.0
2023-08-26,81480.0
2023-08-27,81480.0
2023-08-28,81620.0
2023-08-29,81760.0
2023-08-30,82290.0
2023-08-31,82720.0
2023-09-01,82440.0
2023-09-02,82440.0
2023-09-03,82440.0
2023-09-04,82250.0
2023-09-05,82240.0
2023-09-06,82430.0
2023-09-07,82030.0
2023-09-08,82440.0
2023-09-09,82440.0
2023-09-10,82440.0
2023-09-11,82250.0
2023-09-12,82250.0
2023-09-13,81670.0
2023-09-14,81640.0
2023-09-15,81420.0
2023-09-16,81420.0
2023-09-17,81420.0
2023-09-18,81970.0
2023-09-19,82350.0
2023-09-20,82500.0
2023-09-21,82550.0
2023-09-22,82740.0
2023-09-23,82740.0
2023-09-24,82740.0
2023-09-25,82750.0
2023-09-26,82350.0
2023-09-27,82440.0
2023-09-28,82440.0
2023-09-29,82440.0
2023-09-30,82440.0
2023-10-01,82440.0
2023-10-02,82440.0
2023-10-03,82440.0
2023-10-04,79160.0
2023-10-05,79950.0
2023-10-06,79130.0
2023-10-07,79130.0
2023-10-08,79130.0
2023-10-09,79130.0
2023-10-10,80790.0
2023-10-11,80720.0
2023-10-12,80720.0
2023-10-13,80520.0
2023-10-14,80520.0
2023-10-15,80520.0
2023-10-16,83460.0
2023-10-17,83570.0
2023-10-18,83740.0
2023-10-19,84630.0
2023-10-20,86180.0
2023-10-21,86180.0
2023-10-22,86180.0
2023-10-23,85920.0
2023-10-24,85900.0
2023-10-25,85130.0
2023-10-26,86010.0
2023-10-27,86790.0
2023-10-28,86790.0
2023-10-29,86790.0
2023-10-30,87320.0
2023-10-31,86640.0
2023-11-01,86170.0
2023-11-02,86620.0
2023-11-03,85710.0
2023-11-04,85710.0
2023-11-05,85710.0
2023-11-06,84560.0
2023-11-07,82500.0
2023-11-08,82780.0
2023-11-09,82200.0
2023-11-10,82510.0
2023-11-11,82510.0
2023-11-12,82510.0
2023-11-13,82160.0
2023-11-14,82940.0
2023-11-15,83870.0
2023-11-16,82000.0
2023-11-17,82630.0
2023-11-18,82630.0
2023-11-19,82630.0
2023-11-20,82480.0
2023-11-21,82240.0
2023-11-22,82870.0
2023-11-23,83250.0
2023-11-24,83170.0
2023-11-25,83170.0
2023-11-26,83170.0
2023-11-27,84060.0
2023-11-28,84430.0
2023-11-29,84990.0
2023-11-30,84780.0
2023-12-01,84590.0
2023-12-02,84590.0
2023-12-03,84590.0
2023-12-04,89070.0
2023-12-05,85130.0
2023-12-06,85100.0
2023-12-07,85550.0
2023-12-08,86390.0
2023-12-09,86390.0
2023-12-10,86390.0
2023-12-11,84310.0
2023-12-12,83940.0
2023-12-13,83700.0
2023-12-14,86070.0
2023-12-15,84910.0
2023-12-16,84910.0
2023-12-17,84910.0
2023-12-18,84100.0
2023-12-19,84510.0
2023-12-20,85740.0
2023-12-21,84870.0
2023-12-22,85980.0
2023-12-23,85980.0
2023-12-24,85980.0
2023-12-25,85980.0
2023-12-26,86100.0
2023-12-27,86010.0
2023-12-28,86490.0
2023-12-29,86490.0
2023-12-30,86490.0
2023-12-31,86490.0
