Date,1155.07 
2020-01-01,1155.02
2020-01-02,1157.95
2020-01-03,1157.95
2020-01-04,1157.95
2020-01-05,1165.89
2020-01-06,1167.54
2020-01-07,1168.3
2020-01-08,1162.49
2020-01-09,1159.73
2020-01-10,1159.73
2020-01-11,1159.73
2020-01-12,1158.92
2020-01-13,1154.95
2020-01-14,1158.2
2020-01-15,1158.91
2020-01-16,1160.73
2020-01-17,1160.73
2020-01-18,1160.73
2020-01-19,1161.46
2020-01-20,1159.61
2020-01-21,1170.01
2020-01-22,1165.76
2020-01-23,1168.6
2020-01-24,1168.6
2020-01-25,1168.6
2020-01-26,1170.24
2020-01-27,1177.7
2020-01-28,1176.21
2020-01-29,1179.68
2020-01-30,1188.64
2020-01-31,1188.64
2020-02-01,1188.64
2020-02-02,1195.96
2020-02-03,1190.81
2020-02-04,1183.9
2020-02-05,1184.4
2020-02-06,1186.28
2020-02-07,1186.28
2020-02-08,1186.28
2020-02-09,1192.39
2020-02-10,1188.17
2020-02-11,1182.29
2020-02-12,1179.51
2020-02-13,1184.59
2020-02-14,1184.59
2020-02-15,1184.59
2020-02-16,1183.44
2020-02-17,1185.38
2020-02-18,1191.05
2020-02-19,1193.0
2020-02-20,1205.21
2020-02-21,1205.21
2020-02-22,1205.21
2020-02-23,1206.97
2020-02-24,1219.17
2020-02-25,1216.04
2020-02-26,1212.81
2020-02-27,1212.68
2020-02-28,1212.68
2020-02-29,1212.68
2020-03-01,1200.21
2020-03-02,1189.71
2020-03-03,1181.0
2020-03-04,1185.23
2020-03-05,1188.82
2020-03-06,1188.82
2020-03-07,1188.82
2020-03-08,1188.7
2020-03-09,1200.94
2020-03-10,1185.75
2020-03-11,1192.71
2020-03-12,1211.21
2020-03-13,1211.21
2020-03-14,1211.21
2020-03-15,1211.7
2020-03-16,1232.87
2020-03-17,1239.76
2020-03-18,1256.5
2020-03-19,1258.36
2020-03-20,1258.36
2020-03-21,1258.36
2020-03-22,1254.85
2020-03-23,1273.0
2020-03-24,1234.21
2020-03-25,1233.0
2020-03-26,1213.4
2020-03-27,1213.4
2020-03-28,1213.4
2020-03-29,1212.73
2020-03-30,1224.71
2020-03-31,1218.8
2020-04-01,1236.7
2020-04-02,1227.85
2020-04-03,1227.85
2020-04-04,1227.85
2020-04-05,1236.42
2020-04-06,1224.64
2020-04-07,1215.43
2020-04-08,1216.26
2020-04-09,1211.11
2020-04-10,1211.11
2020-04-11,1211.11
2020-04-12,1212.04
2020-04-13,1215.97
2020-04-14,1212.5
2020-04-15,1224.72
2020-04-16,1228.98
2020-04-17,1228.98
2020-04-18,1228.98
2020-04-19,1216.26
2020-04-20,1220.62
2020-04-21,1233.53
2020-04-22,1234.05
2020-04-23,1233.54
2020-04-24,1233.54
2020-04-25,1233.54
2020-04-26,1230.5
2020-04-27,1222.64
2020-04-28,1221.81
2020-04-29,1211.11
2020-04-30,1213.94
2020-05-01,1213.94
2020-05-02,1213.94
2020-05-03,1224.8
2020-05-04,1224.18
2020-05-05,1222.57
2020-05-06,1229.6
2020-05-07,1220.11
2020-05-08,1220.11
2020-05-09,1220.11
2020-05-10,1219.7
2020-05-11,1223.41
2020-05-12,1226.84
2020-05-13,1227.51
2020-05-14,1227.53
2020-05-15,1227.53
2020-05-16,1227.53
2020-05-17,1233.09
2020-05-18,1225.27
2020-05-19,1225.18
2020-05-20,1227.4
2020-05-21,1233.27
2020-05-22,1233.27
2020-05-23,1233.27
2020-05-24,1240.56
2020-05-25,1240.95
2020-05-26,1230.99
2020-05-27,1238.26
2020-05-28,1238.03
2020-05-29,1238.03
2020-05-30,1238.03
2020-05-31,1231.47
2020-06-01,1223.05
2020-06-02,1220.12
2020-06-03,1215.95
2020-06-04,1216.54
2020-06-05,1216.54
2020-06-06,1216.54
2020-06-07,1201.85
2020-06-08,1195.9
2020-06-09,1198.52
2020-06-10,1190.79
2020-06-11,1206.21
2020-06-12,1206.21
2020-06-13,1206.21
2020-06-14,1203.61
2020-06-15,1208.65
2020-06-16,1212.29
2020-06-17,1215.53
2020-06-18,1212.6
2020-06-19,1212.6
2020-06-20,1212.6
2020-06-21,1211.89
2020-06-22,1209.53
2020-06-23,1208.45
2020-06-24,1206.2
2020-06-25,1202.37
2020-06-26,1202.37
2020-06-27,1202.37
2020-06-28,1203.63
2020-06-29,1199.66
2020-06-30,1199.44
2020-07-01,1201.67
2020-07-02,1199.25
2020-07-03,1199.25
2020-07-04,1199.25
2020-07-05,1199.66
2020-07-06,1192.04
2020-07-07,1196.84
2020-07-08,1192.68
2020-07-09,1197.07
2020-07-10,1197.07
2020-07-11,1197.07
2020-07-12,1200.52
2020-07-13,1203.87
2020-07-14,1205.01
2020-07-15,1201.0
2020-07-16,1205.23
2020-07-17,1205.23
2020-07-18,1205.23
2020-07-19,1203.53
2020-07-20,1201.02
2020-07-21,1194.03
2020-07-22,1197.38
2020-07-23,1201.95
2020-07-24,1201.95
2020-07-25,1201.95
2020-07-26,1201.49
2020-07-27,1196.07
2020-07-28,1199.54
2020-07-29,1190.04
2020-07-30,1189.73
2020-07-31,1189.73
2020-08-01,1189.73
2020-08-02,1194.1
2020-08-03,1192.71
2020-08-04,1193.32
2020-08-05,1186.24
2020-08-06,1184.0
2020-08-07,1184.0
2020-08-08,1184.0
2020-08-09,1189.19
2020-08-10,1186.08
2020-08-11,1186.12
2020-08-12,1183.74
2020-08-13,1185.15
2020-08-14,1185.15
2020-08-15,1185.15
2020-08-16,1185.9
2020-08-17,1184.14
2020-08-18,1183.79
2020-08-19,1182.24
2020-08-20,1185.37
2020-08-21,1185.37
2020-08-22,1185.37
2020-08-23,1192.12
2020-08-24,1189.04
2020-08-25,1187.48
2020-08-26,1184.79
2020-08-27,1187.57
2020-08-28,1187.57
2020-08-29,1187.57
2020-08-30,1180.51
2020-08-31,1188.08
2020-09-01,1185.58
2020-09-02,1189.63
2020-09-03,1191.73
2020-09-04,1191.73
2020-09-05,1191.73
2020-09-06,1187.33
2020-09-07,1187.77
2020-09-08,1190.23
2020-09-09,1184.92
2020-09-10,1188.21
2020-09-11,1188.21
2020-09-12,1188.21
2020-09-13,1187.99
2020-09-14,1181.89
2020-09-15,1180.26
2020-09-16,1172.97
2020-09-17,1169.7
2020-09-18,1169.7
2020-09-19,1169.7
2020-09-20,1165.0
2020-09-21,1164.84
2020-09-22,1163.65
2020-09-23,1170.78
2020-09-24,1169.6
2020-09-25,1169.6
2020-09-26,1169.6
2020-09-27,1174.45
2020-09-28,1167.35
2020-09-29,1168.82
2020-09-30,1164.75
2020-10-01,1162.93
2020-10-02,1162.93
2020-10-03,1162.93
2020-10-04,1166.36
2020-10-05,1157.29
2020-10-06,1164.87
2020-10-07,1157.38
2020-10-08,1151.22
2020-10-09,1151.22
2020-10-10,1151.22
2020-10-11,1143.65
2020-10-12,1148.29
2020-10-13,1148.8
2020-10-14,1147.21
2020-10-15,1145.23
2020-10-16,1145.23
2020-10-17,1145.23
2020-10-18,1142.21
2020-10-19,1140.63
2020-10-20,1138.77
2020-10-21,1133.07
2020-10-22,1135.14
2020-10-23,1135.14
2020-10-24,1135.14
2020-10-25,1128.45
2020-10-26,1132.51
2020-10-27,1129.28
2020-10-28,1135.14
2020-10-29,1130.56
2020-10-30,1130.56
2020-10-31,1130.56
2020-11-01,1136.61
2020-11-02,1133.11
2020-11-03,1131.39
2020-11-04,1129.66
2020-11-05,1123.38
2020-11-06,1123.38
2020-11-07,1123.38
2020-11-08,1121.91
2020-11-09,1119.45
2020-11-10,1117.21
2020-11-11,1112.49
2020-11-12,1115.03
2020-11-13,1115.03
2020-11-14,1115.03
2020-11-15,1108.25
2020-11-16,1107.16
2020-11-17,1105.79
2020-11-18,1106.67
2020-11-19,1114.09
2020-11-20,1114.09
2020-11-21,1114.09
2020-11-22,1115.08
2020-11-23,1114.01
2020-11-24,1110.64
2020-11-25,1106.34
2020-11-26,1106.07
2020-11-27,1106.07
2020-11-28,1106.07
2020-11-29,1105.02
2020-11-30,1109.82
2020-12-01,1106.23
2020-12-02,1100.16
2020-12-03,1092.21
2020-12-04,1092.21
2020-12-05,1092.21
2020-12-06,1083.87
2020-12-07,1084.53
2020-12-08,1085.79
2020-12-09,1087.38
2020-12-10,1087.34
2020-12-11,1087.34
2020-12-12,1087.34
2020-12-13,1091.8
2020-12-14,1093.32
2020-12-15,1089.56
2020-12-16,1094.12
2020-12-17,1094.01
2020-12-18,1094.01
2020-12-19,1094.01
2020-12-20,1099.48
2020-12-21,1104.31
2020-12-22,1109.95
2020-12-23,1106.87
2020-12-24,1102.66
2020-12-25,1102.66
2020-12-26,1102.66
2020-12-27,1100.08
2020-12-28,1097.3
2020-12-29,1091.97
2020-12-30,1088.43
2020-12-31,1085.7
2021-01-01,1085.7
2021-01-02,1085.7
2021-01-03,1085.73
2021-01-04,1086.7
2021-01-05,1087.4
2021-01-06,1088.03
2021-01-07,1094.35
2021-01-08,1094.35
2021-01-09,1094.35
2021-01-10,1093.01
2021-01-11,1097.38
2021-01-12,1094.61
2021-01-13,1098.11
2021-01-14,1096.04
2021-01-15,1096.04
2021-01-16,1096.04
2021-01-17,1104.26
2021-01-18,1104.18
2021-01-19,1102.44
2021-01-20,1097.35
2021-01-21,1099.97
2021-01-22,1099.97
2021-01-23,1099.97
2021-01-24,1105.54
2021-01-25,1102.69
2021-01-26,1102.01
2021-01-27,1108.42
2021-01-28,1113.24
2021-01-29,1113.24
2021-01-30,1113.24
2021-01-31,1118.43
2021-02-01,1117.45
2021-02-02,1115.51
2021-02-03,1113.59
2021-02-04,1120.11
2021-02-05,1120.11
2021-02-06,1120.11
2021-02-07,1117.76
2021-02-08,1117.3
2021-02-09,1111.01
2021-02-10,1106.48
2021-02-11,1103.12
2021-02-12,1103.12
2021-02-13,1103.12
2021-02-14,1104.37
2021-02-15,1102.31
2021-02-16,1107.58
2021-02-17,1106.5
2021-02-18,1107.09
2021-02-19,1107.09
2021-02-20,1107.09
2021-02-21,1106.02
2021-02-22,1112.58
2021-02-23,1110.22
2021-02-24,1107.54
2021-02-25,1119.47
2021-02-26,1119.47
2021-02-27,1119.47
2021-02-28,1124.89
2021-03-01,1113.53
2021-03-02,1125.29
2021-03-03,1127.05
2021-03-04,1131.03
2021-03-05,1131.03
2021-03-06,1131.03
2021-03-07,1128.85
2021-03-08,1141.83
2021-03-09,1135.91
2021-03-10,1136.91
2021-03-11,1130.85
2021-03-12,1130.85
2021-03-13,1130.85
2021-03-14,1136.5
2021-03-15,1132.85
2021-03-16,1129.93
2021-03-17,1121.91
2021-03-18,1128.25
2021-03-19,1128.25
2021-03-20,1128.25
2021-03-21,1129.47
2021-03-22,1126.49
2021-03-23,1133.4
2021-03-24,1135.4
2021-03-25,1135.24
2021-03-26,1135.24
2021-03-27,1135.24
2021-03-28,1128.95
2021-03-29,1132.56
2021-03-30,1133.54
2021-03-31,1127.97
2021-04-01,1128.87
2021-04-02,1128.87
2021-04-03,1128.87
2021-04-04,1129.69
2021-04-05,1125.04
2021-04-06,1119.29
2021-04-07,1119.21
2021-04-08,1116.75
2021-04-09,1116.75
2021-04-10,1116.75
2021-04-11,1121.76
2021-04-12,1125.23
2021-04-13,1121.55
2021-04-14,1116.26
2021-04-15,1116.86
2021-04-16,1116.86
2021-04-17,1116.86
2021-04-18,1117.05
2021-04-19,1115.51
2021-04-20,1117.46
2021-04-21,1116.7
2021-04-22,1120.18
2021-04-23,1120.18
2021-04-24,1120.18
2021-04-25,1115.85
2021-04-26,1110.44
2021-04-27,1113.43
2021-04-28,1110.06
2021-04-29,1107.81
2021-04-30,1107.81
2021-05-01,1107.81
2021-05-02,1117.76
2021-05-03,1120.5
2021-05-04,1125.95
2021-05-05,1125.02
2021-05-06,1120.46
2021-05-07,1120.46
2021-05-08,1120.46
2021-05-09,1112.97
2021-05-10,1116.83
2021-05-11,1119.67
2021-05-12,1132.92
2021-05-13,1126.89
2021-05-14,1126.89
2021-05-15,1126.89
2021-05-16,1126.51
2021-05-17,1136.91
2021-05-18,1127.08
2021-05-19,1131.36
2021-05-20,1127.99
2021-05-21,1127.99
2021-05-22,1127.99
2021-05-23,1127.86
2021-05-24,1123.6
2021-05-25,1122.53
2021-05-26,1116.79
2021-05-27,1118.72
2021-05-28,1118.72
2021-05-29,1118.72
2021-05-30,1113.84
2021-05-31,1108.09
2021-06-01,1108.49
2021-06-02,1111.1
2021-06-03,1116.64
2021-06-04,1116.64
2021-06-05,1116.64
2021-06-06,1110.68
2021-06-07,1110.8
2021-06-08,1117.72
2021-06-09,1117.03
2021-06-10,1112.56
2021-06-11,1112.56
2021-06-12,1112.56
2021-06-13,1116.55
2021-06-14,1117.33
2021-06-15,1118.09
2021-06-16,1132.84
2021-06-17,1134.47
2021-06-18,1134.47
2021-06-19,1134.47
2021-06-20,1135.24
2021-06-21,1131.57
2021-06-22,1133.73
2021-06-23,1136.03
2021-06-24,1131.87
2021-06-25,1131.87
2021-06-26,1131.87
2021-06-27,1127.34
2021-06-28,1130.22
2021-06-29,1131.8
2021-06-30,1130.63
2021-07-01,1134.51
2021-07-02,1134.51
2021-07-03,1134.51
2021-07-04,1130.77
2021-07-05,1130.6
2021-07-06,1136.93
2021-07-07,1141.65
2021-07-08,1146.8
2021-07-09,1146.8
2021-07-10,1146.8
2021-07-11,1145.31
2021-07-12,1147.18
2021-07-13,1150.12
2021-07-14,1144.37
2021-07-15,1141.76
2021-07-16,1141.76
2021-07-17,1141.76
2021-07-18,1142.5
2021-07-19,1151.92
2021-07-20,1148.47
2021-07-21,1149.49
2021-07-22,1150.86
2021-07-23,1150.86
2021-07-24,1150.86
2021-07-25,1152.12
2021-07-26,1152.71
2021-07-27,1154.44
2021-07-28,1150.44
2021-07-29,1143.3
2021-07-30,1143.3
2021-07-31,1143.3
2021-08-01,1151.9
2021-08-02,1150.36
2021-08-03,1148.63
2021-08-04,1144.94
2021-08-05,1142.95
2021-08-06,1142.95
2021-08-07,1142.95
2021-08-08,1145.93
2021-08-09,1147.07
2021-08-10,1152.9
2021-08-11,1154.16
2021-08-12,1163.16
2021-08-13,1163.16
2021-08-14,1163.16
2021-08-15,1162.37
2021-08-16,1165.45
2021-08-17,1177.44
2021-08-18,1170.28
2021-08-19,1176.46
2021-08-20,1176.46
2021-08-21,1176.46
2021-08-22,1175.24
2021-08-23,1169.07
2021-08-24,1164.02
2021-08-25,1164.05
2021-08-26,1170.71
2021-08-27,1170.71
2021-08-28,1170.71
2021-08-29,1162.33
2021-08-30,1166.07
2021-08-31,1158.95
2021-09-01,1156.08
2021-09-02,1158.23
2021-09-03,1158.23
2021-09-04,1158.23
2021-09-05,1155.75
2021-09-06,1157.33
2021-09-07,1162.16
2021-09-08,1167.14
2021-09-09,1169.81
2021-09-10,1169.81
2021-09-11,1169.81
2021-09-12,1170.38
2021-09-13,1173.44
2021-09-14,1172.41
2021-09-15,1166.39
2021-09-16,1175.37
2021-09-17,1175.37
2021-09-18,1175.37
2021-09-19,1181.56
2021-09-20,1187.39
2021-09-21,1184.41
2021-09-22,1181.99
2021-09-23,1174.84
2021-09-24,1174.84
2021-09-25,1174.84
2021-09-26,1179.95
2021-09-27,1177.09
2021-09-28,1188.03
2021-09-29,1187.93
2021-09-30,1184.78
2021-10-01,1184.78
2021-10-02,1184.78
2021-10-03,1179.9
2021-10-04,1184.46
2021-10-05,1186.69
2021-10-06,1190.74
2021-10-07,1191.33
2021-10-08,1191.33
2021-10-09,1191.33
2021-10-10,1196.54
2021-10-11,1195.75
2021-10-12,1197.92
2021-10-13,1186.87
2021-10-14,1182.23
2021-10-15,1182.23
2021-10-16,1182.23
2021-10-17,1182.49
2021-10-18,1185.89
2021-10-19,1175.61
2021-10-20,1175.81
2021-10-21,1177.87
2021-10-22,1177.87
2021-10-23,1177.87
2021-10-24,1177.45
2021-10-25,1168.13
2021-10-26,1168.06
2021-10-27,1172.17
2021-10-28,1168.46
2021-10-29,1168.46
2021-10-30,1168.46
2021-10-31,1174.61
2021-11-01,1177.56
2021-11-02,1178.59
2021-11-03,1178.89
2021-11-04,1185.97
2021-11-05,1185.97
2021-11-06,1185.97
2021-11-07,1181.51
2021-11-08,1180.95
2021-11-09,1178.51
2021-11-10,1185.15
2021-11-11,1182.45
2021-11-12,1182.45
2021-11-13,1182.45
2021-11-14,1179.95
2021-11-15,1183.56
2021-11-16,1183.99
2021-11-17,1180.59
2021-11-18,1182.99
2021-11-19,1182.99
2021-11-20,1182.99
2021-11-21,1188.76
2021-11-22,1190.57
2021-11-23,1190.07
2021-11-24,1188.81
2021-11-25,1190.24
2021-11-26,1190.24
2021-11-27,1190.24
2021-11-28,1195.8
2021-11-29,1190.97
2021-11-30,1182.84
2021-12-01,1177.06
2021-12-02,1176.86
2021-12-03,1176.86
2021-12-04,1176.86
2021-12-05,1184.85
2021-12-06,1180.66
2021-12-07,1176.85
2021-12-08,1173.42
2021-12-09,1178.27
2021-12-10,1178.27
2021-12-11,1178.27
2021-12-12,1180.97
2021-12-13,1185.11
2021-12-14,1185.24
2021-12-15,1185.41
2021-12-16,1186.39
2021-12-17,1186.39
2021-12-18,1186.39
2021-12-19,1188.1
2021-12-20,1189.96
2021-12-21,1190.43
2021-12-22,1187.94
2021-12-23,1185.64
2021-12-24,1185.64
2021-12-25,1185.64
2021-12-26,1187.1
2021-12-27,1186.59
2021-12-28,1188.14
2021-12-29,1184.79
2021-12-30,1190.22
2021-12-31,1190.22
2022-01-01,1190.22
2022-01-02,1189.8
2022-01-03,1194.77
2022-01-04,1197.54
2022-01-05,1200.65
2022-01-06,1205.03
2022-01-07,1205.03
2022-01-08,1205.03
2022-01-09,1198.2
2022-01-10,1198.14
2022-01-11,1190.55
2022-01-12,1185.96
2022-01-13,1186.77
2022-01-14,1186.77
2022-01-15,1186.77
2022-01-16,1190.55
2022-01-17,1190.98
2022-01-18,1193.03
2022-01-19,1188.21
2022-01-20,1192.49
2022-01-21,1192.49
2022-01-22,1192.49
2022-01-23,1193.3
2022-01-24,1195.69
2022-01-25,1196.35
2022-01-26,1200.75
2022-01-27,1203.82
2022-01-28,1203.82
2022-01-29,1203.82
2022-01-30,1209.71
2022-01-31,1204.75
2022-02-01,1202.47
2022-02-02,1200.36
2022-02-03,1200.65
2022-02-04,1200.65
2022-02-05,1200.65
2022-02-06,1199.0
2022-02-07,1196.92
2022-02-08,1196.4
2022-02-09,1194.17
2022-02-10,1200.11
2022-02-11,1200.11
2022-02-12,1200.11
2022-02-13,1200.1
2022-02-14,1197.45
2022-02-15,1196.87
2022-02-16,1196.69
2022-02-17,1198.76
2022-02-18,1198.76
2022-02-19,1198.76
2022-02-20,1198.3
2022-02-21,1194.6
2022-02-22,1193.03
2022-02-23,1192.6
2022-02-24,1206.11
2022-02-25,1206.11
2022-02-26,1206.11
2022-02-27,1207.65
2022-02-28,1201.18
2022-03-01,1205.42
2022-03-02,1203.26
2022-03-03,1206.93
2022-03-04,1206.93
2022-03-05,1206.93
2022-03-06,1221.65
2022-03-07,1232.26
2022-03-08,1233.64
2022-03-09,1223.24
2022-03-10,1228.76
2022-03-11,1228.76
2022-03-12,1228.76
2022-03-13,1237.1
2022-03-14,1242.01
2022-03-15,1241.66
2022-03-16,1224.96
2022-03-17,1210.58
2022-03-18,1210.58
2022-03-19,1210.58
2022-03-20,1211.55
2022-03-21,1218.82
2022-03-22,1215.19
2022-03-23,1219.02
2022-03-24,1221.0
2022-03-25,1221.0
2022-03-26,1221.0
2022-03-27,1224.4
2022-03-28,1223.82
2022-03-29,1208.19
2022-03-30,1210.51
2022-03-31,1215.13
2022-04-01,1215.13
2022-04-02,1215.13
2022-04-03,1219.8
2022-04-04,1214.49
2022-04-05,1218.82
2022-04-06,1217.6
2022-04-07,1222.76
2022-04-08,1222.76
2022-04-09,1222.76
2022-04-10,1228.95
2022-04-11,1234.9
2022-04-12,1228.15
2022-04-13,1223.37
2022-04-14,1230.26
2022-04-15,1230.26
2022-04-16,1230.26
2022-04-17,1229.09
2022-04-18,1235.45
2022-04-19,1239.81
2022-04-20,1233.98
2022-04-21,1242.34
2022-04-22,1242.34
2022-04-23,1242.34
2022-04-24,1244.4
2022-04-25,1250.22
2022-04-26,1260.98
2022-04-27,1266.4
2022-04-28,1272.38
2022-04-29,1272.38
2022-04-30,1272.38
2022-05-01,1264.65
2022-05-02,1267.64
2022-05-03,1260.95
2022-05-04,1251.53
2022-05-05,1269.57
2022-05-06,1269.57
2022-05-07,1269.57
2022-05-08,1270.41
2022-05-09,1275.01
2022-05-10,1276.63
2022-05-11,1279.14
2022-05-12,1290.87
2022-05-13,1290.87
2022-05-14,1290.87
2022-05-15,1278.57
2022-05-16,1280.64
2022-05-17,1266.8
2022-05-18,1276.0
2022-05-19,1263.99
2022-05-20,1263.99
2022-05-21,1263.99
2022-05-22,1270.41
2022-05-23,1258.87
2022-05-24,1261.14
2022-05-25,1266.55
2022-05-26,1260.29
2022-05-27,1260.29
2022-05-28,1260.29
2022-05-29,1251.1
2022-05-30,1235.6
2022-05-31,1242.48
2022-06-01,1247.23
2022-06-02,1241.14
2022-06-03,1241.14
2022-06-04,1241.14
2022-06-05,1251.87
2022-06-06,1254.8
2022-06-07,1254.85
2022-06-08,1257.22
2022-06-09,1264.38
2022-06-10,1264.38
2022-06-11,1264.38
2022-06-12,1279.43
2022-06-13,1291.88
2022-06-14,1289.92
2022-06-15,1278.38
2022-06-16,1288.57
2022-06-17,1288.57
2022-06-18,1288.57
2022-06-19,1291.5
2022-06-20,1292.55
2022-06-21,1292.09
2022-06-22,1297.69
2022-06-23,1300.14
2022-06-24,1300.14
2022-06-25,1300.14
2022-06-26,1289.28
2022-06-27,1286.63
2022-06-28,1292.43
2022-06-29,1301.96
2022-06-30,1288.05
2022-07-01,1288.05
2022-07-02,1288.05
2022-07-03,1298.92
2022-07-04,1296.05
2022-07-05,1309.1
2022-07-06,1305.14
2022-07-07,1297.97
2022-07-08,1297.97
2022-07-09,1297.97
2022-07-10,1294.79
2022-07-11,1311.16
2022-07-12,1306.45
2022-07-13,1305.1
2022-07-14,1317.58
2022-07-15,1317.58
2022-07-16,1317.58
2022-07-17,1319.15
2022-07-18,1319.2
2022-07-19,1304.38
2022-07-20,1313.7
2022-07-21,1306.66
2022-07-22,1306.66
2022-07-23,1306.66
2022-07-24,1310.61
2022-07-25,1311.47
2022-07-26,1311.03
2022-07-27,1306.37
2022-07-28,1296.07
2022-07-29,1296.07
2022-07-30,1296.07
2022-07-31,1303.29
2022-08-01,1307.74
2022-08-02,1315.3
2022-08-03,1308.23
2022-08-04,1302.81
2022-08-05,1302.81
2022-08-06,1302.81
2022-08-07,1303.71
2022-08-08,1300.11
2022-08-09,1307.52
2022-08-10,1297.53
2022-08-11,1307.05
2022-08-12,1307.05
2022-08-13,1307.05
2022-08-14,1302.34
2022-08-15,1313.55
2022-08-16,1311.4
2022-08-17,1315.25
2022-08-18,1327.23
2022-08-19,1327.23
2022-08-20,1327.23
2022-08-21,1335.78
2022-08-22,1343.73
2022-08-23,1339.54
2022-08-24,1340.96
2022-08-25,1334.97
2022-08-26,1334.97
2022-08-27,1334.97
2022-08-28,1342.18
2022-08-29,1345.98
2022-08-30,1350.55
2022-08-31,1341.76
2022-09-01,1356.79
2022-09-02,1356.79
2022-09-03,1356.79
2022-09-04,1363.68
2022-09-05,1370.53
2022-09-06,1378.52
2022-09-07,1375.39
2022-09-08,1384.88
2022-09-09,1384.88
2022-09-10,1384.88
2022-09-11,1380.06
2022-09-12,1375.25
2022-09-13,1392.37
2022-09-14,1391.44
2022-09-15,1397.7
2022-09-16,1397.7
2022-09-17,1397.7
2022-09-18,1385.95
2022-09-19,1390.33
2022-09-20,1392.91
2022-09-21,1397.73
2022-09-22,1407.07
2022-09-23,1407.07
2022-09-24,1407.07
2022-09-25,1421.3
2022-09-26,1430.62
2022-09-27,1426.67
2022-09-28,1424.21
2022-09-29,1430.42
2022-09-30,1430.42
2022-10-01,1430.42
2022-10-02,1440.23
2022-10-03,1432.57
2022-10-04,1416.34
2022-10-05,1417.05
2022-10-06,1408.62
2022-10-07,1408.62
2022-10-08,1408.62
2022-10-09,1421.95
2022-10-10,1428.97
2022-10-11,1431.81
2022-10-12,1424.9
2022-10-13,1430.6
2022-10-14,1430.6
2022-10-15,1430.6
2022-10-16,1442.45
2022-10-17,1431.69
2022-10-18,1425.34
2022-10-19,1435.17
2022-10-20,1430.59
2022-10-21,1430.59
2022-10-22,1430.59
2022-10-23,1431.05
2022-10-24,1444.94
2022-10-25,1427.26
2022-10-26,1412.86
2022-10-27,1421.67
2022-10-28,1421.67
2022-10-29,1421.67
2022-10-30,1422.05
2022-10-31,1427.03
2022-11-01,1417.08
2022-11-02,1424.95
2022-11-03,1424.06
2022-11-04,1424.06
2022-11-05,1424.06
2022-11-06,1411.8
2022-11-07,1393.43
2022-11-08,1375.04
2022-11-09,1371.3
2022-11-10,1350.14
2022-11-11,1350.14
2022-11-12,1350.14
2022-11-13,1319.5
2022-11-14,1324.27
2022-11-15,1316.56
2022-11-16,1337.0
2022-11-17,1342.99
2022-11-18,1342.99
2022-11-19,1342.99
2022-11-20,1341.55
2022-11-21,1359.61
2022-11-22,1353.01
2022-11-23,1337.09
2022-11-24,1328.03
2022-11-25,1328.03
2022-11-26,1328.03
2022-11-27,1335.95
2022-11-28,1341.53
2022-11-29,1325.67
2022-11-30,1301.72
2022-12-01,1304.56
2022-12-02,1304.56
2022-12-03,1304.56
2022-12-04,1299.17
2022-12-05,1305.73
2022-12-06,1320.13
2022-12-07,1314.77
2022-12-08,1316.82
2022-12-09,1316.82
2022-12-10,1316.82
2022-12-11,1303.95
2022-12-12,1307.07
2022-12-13,1289.57
2022-12-14,1295.91
2022-12-15,1319.51
2022-12-16,1319.51
2022-12-17,1319.51
2022-12-18,1311.55
2022-12-19,1301.65
2022-12-20,1284.06
2022-12-21,1280.37
2022-12-22,1291.94
2022-12-23,1291.94
2022-12-24,1291.94
2022-12-25,1279.8
2022-12-26,1274.91
2022-12-27,1272.25
2022-12-28,1274.71
2022-12-29,1261.24
2022-12-30,1261.24
2022-12-31,1261.24
2023-01-01,1261.95
2023-01-02,1269.93
2023-01-03,1279.59
2023-01-04,1271.39
2023-01-05,1274.58
2023-01-06,1274.58
2023-01-07,1274.58
2023-01-08,1254.5
2023-01-09,1239.69
2023-01-10,1241.22
2023-01-11,1242.41
2023-01-12,1239.51
2023-01-13,1239.51
2023-01-14,1239.51
2023-01-15,1237.1
2023-01-16,1241.98
2023-01-17,1237.36
2023-01-18,1238.11
2023-01-19,1232.63
2023-01-20,1232.63
2023-01-21,1232.63
2023-01-22,1230.35
2023-01-23,1230.38
2023-01-24,1232.98
2023-01-25,1232.97
2023-01-26,1232.26
2023-01-27,1232.26
2023-01-28,1232.26
2023-01-29,1230.2
2023-01-30,1231.88
2023-01-31,1233.72
2023-02-01,1222.26
2023-02-02,1225.19
2023-02-03,1225.19
2023-02-04,1225.19
2023-02-05,1247.35
2023-02-06,1261.47
2023-02-07,1255.81
2023-02-08,1260.87
2023-02-09,1264.87
2023-02-10,1264.87
2023-02-11,1264.87
2023-02-12,1266.25
2023-02-13,1273.31
2023-02-14,1272.59
2023-02-15,1283.97
2023-02-16,1289.94
2023-02-17,1289.94
2023-02-18,1289.94
2023-02-19,1297.55
2023-02-20,1296.42
2023-02-21,1306.16
2023-02-22,1303.05
2023-02-23,1298.03
2023-02-24,1298.03
2023-02-25,1298.03
2023-02-26,1314.55
2023-02-27,1318.4
2023-02-28,1323.44
2023-03-01,1305.83
2023-03-02,1311.39
2023-03-03,1311.39
2023-03-04,1311.39
2023-03-05,1294.1
2023-03-06,1297.85
2023-03-07,1318.31
2023-03-08,1316.77
2023-03-09,1325.82
2023-03-10,1325.82
2023-03-11,1325.82
2023-03-12,1319.1
2023-03-13,1296.94
2023-03-14,1304.94
2023-03-15,1313.38
2023-03-16,1301.84
2023-03-17,1301.84
2023-03-18,1301.84
2023-03-19,1309.1
2023-03-20,1303.87
2023-03-21,1303.82
2023-03-22,1297.58
2023-03-23,1286.67
2023-03-24,1286.67
2023-03-25,1286.67
2023-03-26,1295.24
2023-03-27,1298.35
2023-03-28,1297.46
2023-03-29,1307.13
2023-03-30,1296.97
2023-03-31,1296.97
2023-04-01,1296.97
2023-04-02,1306.47
2023-04-03,1308.76
2023-04-04,1310.54
2023-04-05,1317.36
2023-04-06,1318.99
2023-04-07,1318.99
2023-04-08,1318.99
2023-04-09,1316.39
2023-04-10,1320.99
2023-04-11,1322.45
2023-04-12,1323.07
2023-04-13,1301.94
2023-04-14,1301.94
2023-04-15,1301.94
2023-04-16,1304.38
2023-04-17,1319.51
2023-04-18,1319.55
2023-04-19,1330.14
2023-04-20,1324.04
2023-04-21,1324.04
2023-04-22,1324.04
2023-04-23,1330.38
2023-04-24,1332.94
2023-04-25,1341.31
2023-04-26,1338.44
2023-04-27,1339.57
2023-04-28,1339.57
2023-04-29,1339.57
2023-04-30,1338.17
2023-05-01,1343.07
2023-05-02,1342.64
2023-05-03,1335.41
2023-05-04,1323.27
2023-05-05,1323.27
2023-05-06,1323.27
2023-05-07,1317.96
2023-05-08,1322.71
2023-05-09,1326.33
2023-05-10,1318.21
2023-05-11,1331.14
2023-05-12,1331.14
2023-05-13,1331.14
2023-05-14,1342.48
2023-05-15,1335.79
2023-05-16,1342.78
2023-05-17,1334.71
2023-05-18,1333.99
2023-05-19,1333.99
2023-05-20,1333.99
2023-05-21,1325.21
2023-05-22,1314.17
2023-05-23,1320.26
2023-05-24,1318.77
2023-05-25,1331.2
2023-05-26,1331.2
2023-05-27,1331.2
2023-05-28,1323.43
2023-05-29,1324.96
2023-05-30,1320.16
2023-05-31,1322.33
2023-06-01,1313.18
2023-06-02,1313.18
2023-06-03,1313.18
2023-06-04,1306.06
2023-06-05,1301.08
2023-06-06,1299.61
2023-06-07,1308.66
2023-06-08,1296.59
2023-06-09,1296.59
2023-06-10,1296.59
2023-06-11,1287.69
2023-06-12,1284.86
2023-06-13,1268.02
2023-06-14,1274.39
2023-06-15,1270.4
2023-06-16,1270.4
2023-06-17,1270.4
2023-06-18,1277.24
2023-06-19,1283.26
2023-06-20,1288.74
2023-06-21,1288.74
2023-06-22,1298.59
2023-06-23,1298.59
2023-06-24,1298.59
2023-06-25,1308.74
2023-06-26,1305.42
2023-06-27,1299.48
2023-06-28,1309.31
2023-06-29,1323.18
2023-06-30,1323.18
2023-07-01,1323.18
2023-07-02,1316.97
2023-07-03,1304.66
2023-07-04,1294.81
2023-07-05,1304.0
2023-07-06,1309.46
2023-07-07,1309.46
2023-07-08,1309.46
2023-07-09,1299.1
2023-07-10,1299.8
2023-07-11,1291.87
2023-07-12,1274.8
2023-07-13,1267.16
2023-07-14,1267.16
2023-07-15,1267.16
2023-07-16,1269.32
2023-07-17,1263.72
2023-07-18,1265.31
2023-07-19,1267.94
2023-07-20,1277.13
2023-07-21,1277.13
2023-07-22,1277.13
2023-07-23,1286.65
2023-07-24,1280.88
2023-07-25,1276.58
2023-07-26,1271.42
2023-07-27,1284.17
2023-07-28,1284.17
2023-07-29,1284.17
2023-07-30,1273.33
2023-07-31,1278.28
2023-08-01,1289.4
2023-08-02,1299.47
2023-08-03,1299.93
2023-08-04,1299.93
2023-08-05,1299.93
2023-08-06,1304.29
2023-08-07,1307.93
2023-08-08,1317.02
2023-08-09,1313.1
2023-08-10,1318.14
2023-08-11,1318.14
2023-08-12,1318.14
2023-08-13,1330.6
2023-08-14,1337.94
2023-08-15,1336.87
2023-08-16,1341.94
2023-08-17,1339.76
2023-08-18,1339.76
2023-08-19,1339.76
2023-08-20,1340.17
2023-08-21,1340.04
2023-08-22,1340.81
2023-08-23,1327.92
2023-08-24,1328.34
2023-08-25,1328.34
2023-08-26,1328.34
2023-08-27,1324.57
2023-08-28,1324.21
2023-08-29,1318.6
2023-08-30,1323.79
2023-08-31,1325.46
2023-09-01,1325.46
2023-09-02,1325.46
2023-09-03,1318.45
2023-09-04,1318.41
2023-09-05,1329.95
2023-09-06,1334.53
2023-09-07,1334.78
2023-09-08,1334.78
2023-09-09,1334.78
2023-09-10,1336.34
2023-09-11,1326.05
2023-09-12,1326.72
2023-09-13,1328.2
2023-09-14,1330.02
2023-09-15,1330.02
2023-09-16,1330.02
2023-09-17,1329.42
2023-09-18,1324.05
2023-09-19,1328.99
2023-09-20,1333.44
2023-09-21,1339.57
2023-09-22,1339.57
2023-09-23,1339.57
2023-09-24,1335.56
2023-09-25,1339.69
2023-09-26,1354.1
2023-09-27,1355.47
2023-09-28,1350.56
2023-09-29,1350.56
2023-09-30,1350.56
2023-10-01,1352.65
2023-10-02,1357.14
2023-10-03,1362.05
2023-10-04,1352.55
2023-10-05,1346.34
2023-10-06,1346.34
2023-10-07,1346.34
2023-10-08,1344.51
2023-10-09,1347.67
2023-10-10,1342.62
2023-10-11,1339.54
2023-10-12,1349.4
2023-10-13,1349.4
2023-10-14,1349.4
2023-10-15,1353.08
2023-10-16,1348.25
2023-10-17,1353.55
2023-10-18,1355.48
2023-10-19,1357.11
2023-10-20,1357.11
2023-10-21,1357.11
2023-10-22,1350.34
2023-10-23,1343.69
2023-10-24,1344.34
2023-10-25,1352.9
2023-10-26,1353.57
2023-10-27,1353.57
2023-10-28,1353.57
2023-10-29,1357.05
2023-10-30,1346.49
2023-10-31,1353.15
2023-11-01,1348.82
2023-11-02,1334.33
2023-11-03,1334.33
2023-11-04,1334.33
2023-11-05,1307.95
2023-11-06,1299.31
2023-11-07,1304.95
2023-11-08,1309.11
2023-11-09,1318.27
2023-11-10,1318.27
2023-11-11,1318.27
2023-11-12,1318.1
2023-11-13,1319.47
2023-11-14,1305.1
2023-11-15,1305.11
2023-11-16,1292.84
2023-11-17,1292.84
2023-11-18,1292.84
2023-11-19,1295.75
2023-11-20,1288.51
2023-11-21,1296.03
2023-11-22,1300.78
2023-11-23,1301.22
2023-11-24,1301.22
2023-11-25,1301.22
2023-11-26,1301.95
2023-11-27,1298.41
2023-11-28,1288.35
2023-11-29,1290.66
2023-11-30,1300.91
2023-12-01,1300.91
2023-12-02,1300.91
2023-12-03,1293.95
2023-12-04,1310.67
2023-12-05,1313.69
2023-12-06,1315.44
2023-12-07,1314.09
2023-12-08,1314.09
2023-12-09,1314.09
2023-12-10,1316.1
2023-12-11,1316.73
2023-12-12,1312.48
2023-12-13,1305.96
2023-12-14,1289.95
2023-12-15,1289.95
2023-12-16,1289.95
2023-12-17,1302.1
2023-12-18,1303.94
2023-12-19,1300.84
2023-12-20,1303.31
2023-12-21,1296.95
2023-12-22,1296.95
2023-12-23,1296.95
2023-12-24,1298.72
2023-12-25,1296.39
2023-12-26,1294.95
2023-12-27,1294.88
2023-12-28,1294.9
2023-12-29,1295.0
2023-12-30,1294.7
